-- phpMyAdmin SQL Dump
-- version 3.1.4
-- http://www.phpmyadmin.net
--
-- Host: localhost
-- Generation Time: Nov 03, 2009 at 04:00 PM
-- Server version: 5.0.70
-- PHP Version: 5.2.11-pl0-gentoo

SET SQL_MODE="NO_AUTO_VALUE_ON_ZERO";

--
-- Database: `kydance_nano`
--

-- --------------------------------------------------------

--
-- Table structure for table `ml_wc_adjustments`
--

CREATE TABLE IF NOT EXISTS `ml_wc_adjustments` (
  `uid` mediumint(8) unsigned NOT NULL,
  `adjustment` mediumint(9) NOT NULL,
  PRIMARY KEY  (`uid`)
) ENGINE=MyISAM DEFAULT CHARSET=utf8;

--
-- Dumping data for table `ml_wc_adjustments`
--


-- --------------------------------------------------------

--
-- Table structure for table `ml_wc_cache`
--

CREATE TABLE IF NOT EXISTS `ml_wc_cache` (
  `uid` bigint(20) unsigned NOT NULL,
  `user_name` varchar(255) NOT NULL,
  `team_id` tinyint(3) unsigned NOT NULL,
  `count` bigint(20) unsigned NOT NULL,
  `locked_at` bigint(20) unsigned default NULL,
  `expires` datetime NOT NULL,
  PRIMARY KEY  (`uid`,`team_id`),
  KEY `team_id` (`team_id`)
) ENGINE=MyISAM DEFAULT CHARSET=utf8;

--
-- Dumping data for table `ml_wc_cache`
--

INSERT INTO `ml_wc_cache` (`uid`, `user_name`, `team_id`, `count`, `locked_at`, `expires`) VALUES
(73061, 'moonblue', 1, 2538, NULL, '2009-11-03 18:50:53'),
(16636, 'magependragon', 1, 156, NULL, '2009-11-03 18:31:12'),
(105478, 'David Seven', 1, 6036, NULL, '2009-11-03 16:48:45'),
(405495, 'lyonza', 1, 1066, NULL, '2009-11-03 16:35:05'),
(63371, 'WillowWolf', 1, 15447, NULL, '2009-11-03 16:45:00'),
(164322, 'DoubleKross', 1, 12047, NULL, '2009-11-03 16:40:54'),
(47268, 'aristotle91', 1, 8694, NULL, '2009-11-03 18:20:17'),
(769, 'eaglewing', 1, 1710, NULL, '2009-11-03 17:24:49'),
(83999, 'Saipanwriter', 1, 4064, NULL, '2009-11-03 17:00:17'),
(45043, 'tinamats', 1, 7328, NULL, '2009-11-03 18:48:52'),
(42672, 'sarahcoldheart', 1, 5034, NULL, '2009-11-03 16:21:20'),
(109356, 'Raven Silvers', 1, 6022, NULL, '2009-11-03 18:12:45'),
(124300, 'kindergoth', 1, 11048, NULL, '2009-11-03 18:25:27'),
(125630, 'Bangkokwriter', 1, 4867, NULL, '2009-11-03 18:28:24'),
(124631, 'Calliopes.Sin', 1, 18256, NULL, '2009-11-03 17:02:42'),
(139048, 'queen.christina', 1, 20016, NULL, '2009-11-03 16:06:05'),
(209372, 'Kess', 1, 9564, NULL, '2009-11-03 17:00:00'),
(303219, 'Jordan_Lee', 1, 23168, NULL, '2009-11-03 18:17:24'),
(453027, 'JWTam', 1, 20133, NULL, '2009-11-03 16:37:55'),
(212456, 'ManicSpider', 1, 1713, NULL, '2009-11-03 17:31:20'),
(40031, 'Keladryie', 1, 10306, NULL, '2009-11-03 16:51:30'),
(77715, 'MissMimic', 1, 2303, NULL, '2009-11-03 17:59:09'),
(107178, 'ReiKnight', 1, 9816, NULL, '2009-11-03 18:38:11'),
(18694, 'Lauren E. Mitchell', 1, 6037, NULL, '2009-11-03 17:25:20'),
(26985, 'Killraven', 1, 4128, NULL, '2009-11-03 16:29:48'),
(46585, 'Maxtac', 1, 12446, NULL, '2009-11-03 18:40:31'),
(134221, 'GameCat', 1, 0, NULL, '2009-11-03 17:53:41'),
(20215, 'phyntosia', 1, 11, NULL, '2009-11-03 17:26:53'),
(135452, 'cottreau', 1, 5003, NULL, '2009-11-03 18:00:35'),
(24484, 'angrysunbird', 1, 6093, NULL, '2009-11-03 17:07:33'),
(53317, 'chaosmanor', 1, 3875, NULL, '2009-11-03 17:01:23'),
(15855, 'anita13', 1, 500, NULL, '2009-11-03 16:04:51'),
(42720, 'Huushiita', 1, 7071, NULL, '2009-11-03 18:19:44'),
(26249, 'Canoegirl', 1, 5239, NULL, '2009-11-03 17:57:13'),
(257473, 'Harper Grey', 1, 6588, NULL, '2009-11-03 16:48:29'),
(202239, 'Learan', 1, 8000, NULL, '2009-11-03 16:24:13'),
(129803, 'Diane', 1, 648, NULL, '2009-11-03 16:01:39'),
(25245, 'Aquadeo', 1, 8549, NULL, '2009-11-03 18:08:57'),
(97647, 'MysteriousAges', 1, 6379, NULL, '2009-11-03 16:34:02'),
(201957, 'Jennerosity', 1, 3532, NULL, '2009-11-03 16:32:46'),
(97364, 'Heartweaver', 1, 3460, NULL, '2009-11-03 16:25:22'),
(29115, 'bpunkert', 1, 3607, NULL, '2009-11-03 16:47:16'),
(140274, 'Phoenixfox', 1, 2317, NULL, '2009-11-03 17:15:57'),
(40527, 'karalianne', 1, 5166, NULL, '2009-11-03 17:46:05'),
(308423, 'writerwithoutborders', 1, 4541, NULL, '2009-11-03 17:58:26'),
(6761, 'Entropy', 1, 3414, NULL, '2009-11-03 18:46:52'),
(37808, 'Eternal Winter', 1, 10817, NULL, '2009-11-03 17:40:00'),
(14953, 'Cass', 1, 2001, NULL, '2009-11-03 16:51:23'),
(124834, 'Ze Queen Of Bleu', 1, 7585, NULL, '2009-11-03 16:22:18'),
(93168, 'nekonezume', 1, 5499, NULL, '2009-11-03 16:41:45'),
(85501, 'cdntennispro', 1, 1872, NULL, '2009-11-03 16:43:35'),
(29018, 'Tsuki-chan', 1, 2581, NULL, '2009-11-03 18:09:24'),
(4114, 'wordsmith', 1, 457, NULL, '2009-11-03 16:51:35'),
(310009, 'hurricanewinds', 1, 0, NULL, '2009-11-03 18:10:58'),
(26746, 'Jha''Meia', 1, 10351, NULL, '2009-11-03 18:10:04'),
(428162, 'frazzledog', 1, 4837, NULL, '2009-11-03 16:53:37'),
(162559, 'Monica Ryan', 1, 5068, NULL, '2009-11-03 18:44:04'),
(147545, 'cprebble', 1, 0, NULL, '2009-11-03 18:04:45'),
(653, 'Welestra', 1, 1825, NULL, '2009-11-03 17:34:45'),
(150810, 'CrazyKeys', 1, 3674, NULL, '2009-11-03 16:22:00'),
(94992, 'merpy', 1, 8712, NULL, '2009-11-03 16:17:36'),
(126023, 'jenthesuperone', 1, 34163, NULL, '2009-11-03 16:17:00'),
(50021, 'discostone', 1, 4662, NULL, '2009-11-03 16:14:53'),
(486891, 'kerrwyvern', 1, 0, NULL, '2009-11-03 17:38:57'),
(208476, 'dark_phoenix', 1, 5225, NULL, '2009-11-03 16:28:56'),
(80125, 'Rintaran', 1, 7253, NULL, '2009-11-03 16:58:29'),
(28528, 'SparkyintheSnow', 1, 6078, NULL, '2009-11-03 16:54:34'),
(145148, 'Dustinus', 1, 5496, NULL, '2009-11-03 17:06:55'),
(88121, 'OilsDragon', 1, 5058, NULL, '2009-11-03 16:19:15'),
(211086, 'NataliaLW', 1, 1185, NULL, '2009-11-03 17:20:02'),
(46353, 'hendrik', 1, 0, NULL, '2009-11-03 17:14:09'),
(304532, 'Shrike', 1, 0, NULL, '2009-11-03 17:55:21'),
(410564, 'Annalia', 1, 17415, NULL, '2009-11-03 16:05:59'),
(128535, 'riddler', 1, 0, NULL, '2009-11-03 17:37:01'),
(71216, 'the_beam', 1, 0, NULL, '2009-11-03 18:01:10'),
(87018, 'cho12801', 1, 10332, NULL, '2009-11-03 16:40:54'),
(47639, 'kchk', 1, 314, NULL, '2009-11-03 16:01:22'),
(104725, 'NaNoWhimza', 1, 3714, NULL, '2009-11-03 18:44:46'),
(67267, 'Elskede', 1, 9204, NULL, '2009-11-03 18:28:18'),
(99101, 'SheBit', 1, 9111, NULL, '2009-11-03 17:43:48'),
(204856, 'Moose Biscuit', 1, 9667, NULL, '2009-11-03 16:54:23'),
(59043, 'Swisstony', 1, 0, NULL, '2009-11-03 16:46:12'),
(53399, 'sniglet', 1, 11015, NULL, '2009-11-03 18:29:20'),
(77746, 'Loriba', 1, 8964, NULL, '2009-11-03 17:21:09'),
(408295, 'doodleange', 1, 11170, NULL, '2009-11-03 17:11:31'),
(129029, 'Belwrites', 1, 4023, NULL, '2009-11-03 18:24:53'),
(86977, 'hysteresiscure', 1, 3578, NULL, '2009-11-03 18:43:23'),
(121066, 'chickenchargrill', 1, 0, NULL, '2009-11-03 16:18:19'),
(263199, 'tekiegirl', 1, 7477, NULL, '2009-11-03 17:05:55'),
(15468, 'Kaiberie', 1, 3187, NULL, '2009-11-03 18:00:32'),
(80683, 'Star Kitten', 1, 10910, NULL, '2009-11-03 17:13:37'),
(4463, 'tgilbert', 1, 3364, NULL, '2009-11-03 18:24:49'),
(221692, 'Anezka', 1, 7334, NULL, '2009-11-03 16:27:27'),
(125123, 'ladyvivien', 1, 0, NULL, '2009-11-03 16:04:11'),
(1020, 'darklily', 1, 1452, NULL, '2009-11-03 17:34:29'),
(301752, 'n3mzay', 1, 5270, NULL, '2009-11-03 17:08:02'),
(222067, 'ShadowSaine', 1, 12517, NULL, '2009-11-03 18:00:06'),
(222000, 'FaeNixx', 1, 12500, NULL, '2009-11-03 16:57:17'),
(421902, 'amandap', 1, 1799, NULL, '2009-11-03 17:31:47'),
(17135, 'MaW', 1, 7049, NULL, '2009-11-03 18:08:41'),
(24472, 'Kachi', 1, 6027, NULL, '2009-11-03 18:24:01'),
(21681, 'Dubaiyan', 1, 23944, NULL, '2009-11-03 18:38:00'),
(23048, 'Steve Wright', 1, 16562, NULL, '2009-11-03 17:55:10'),
(74917, 'Magenta', 1, 5000, NULL, '2009-11-03 16:21:06'),
(149335, 'Laika', 1, 5021, NULL, '2009-11-03 16:03:23'),
(63981, 'Azh', 1, 4995, NULL, '2009-11-03 16:39:12'),
(200850, 'isabelle_lila', 1, 2002, NULL, '2009-11-03 17:37:33'),
(76818, 'Micha', 1, 4077, NULL, '2009-11-03 18:00:59'),
(309, 'unspeakable', 1, 4044, NULL, '2009-11-03 17:56:43'),
(108707, 'Arike', 1, 3447, NULL, '2009-11-03 17:26:30'),
(86838, 'poggi', 1, 3276, NULL, '2009-11-03 16:25:38'),
(124665, 'Mamo', 1, 5131, NULL, '2009-11-03 16:53:25'),
(167526, 'abreezyweek', 1, 0, NULL, '2009-11-03 16:31:04'),
(502356, 'niqueroberson', 1, 0, NULL, '2009-11-03 17:28:49'),
(214037, 'GraceTierney', 1, 6276, NULL, '2009-11-03 18:26:41'),
(213816, 'Raven_From_The_Ice', 1, 738, NULL, '2009-11-03 17:42:49'),
(72719, 'calavino', 1, 8050, NULL, '2009-11-03 16:16:27'),
(83346, 'Wind', 1, 2069, NULL, '2009-11-03 16:02:41'),
(303704, 'Elle Woods', 1, 1737, NULL, '2009-11-03 17:01:20'),
(217776, 'broken_dawn', 1, 25298, NULL, '2009-11-03 16:01:30'),
(1235, 'farfalla', 1, 4463, NULL, '2009-11-03 16:02:21'),
(141104, 'speculator', 1, 0, NULL, '2009-11-03 17:20:39'),
(95341, 'Aratos', 1, 1064, NULL, '2009-11-03 18:26:57'),
(186190, 'DreamHonu', 1, 6959, NULL, '2009-11-03 16:27:43'),
(3613, 'Marie Rex', 1, 6367, NULL, '2009-11-03 16:54:50'),
(39632, 'Quisitor', 1, 3519, NULL, '2009-11-03 17:16:44'),
(134706, 'essbee', 1, 5019, NULL, '2009-11-03 16:01:02'),
(34147, 'JupiterStar', 1, 26011, NULL, '2009-11-03 17:38:22'),
(90083, 'impliedauthor', 1, 5123, NULL, '2009-11-03 16:36:57'),
(243785, 'belenustenebrae', 1, 4200, NULL, '2009-11-03 18:01:06'),
(41034, 'JayWalker', 1, 15617, NULL, '2009-11-03 17:22:54'),
(55748, 'YoelBA', 1, 4361, NULL, '2009-11-03 17:17:38'),
(25091, 'soynut', 1, 2396, NULL, '2009-11-03 17:44:51'),
(201680, 'kwelte57', 1, 1632, NULL, '2009-11-03 16:32:17'),
(24904, 'AngelSong', 1, 5112, NULL, '2009-11-03 16:46:40'),
(38357, 'Redd Herring', 1, 0, NULL, '2009-11-03 16:48:39'),
(35162, 'whtbearfan', 1, 0, NULL, '2009-11-03 18:02:08'),
(415134, 'Hope D.', 1, 6027, NULL, '2009-11-03 17:36:01'),
(502313, 'cosmam', 1, 20632, NULL, '2009-11-03 16:00:02'),
(70112, 'NetheneKhthon', 1, 3476, NULL, '2009-11-03 16:36:46'),
(38662, 'Indigo_Visions', 1, 2955, NULL, '2009-11-03 16:58:39'),
(43181, 'Jeano', 1, 2878, NULL, '2009-11-03 17:58:09'),
(18027, 'Summer', 1, 4005, NULL, '2009-11-03 16:37:23'),
(437496, 'kenaiqueen', 1, 393, NULL, '2009-11-03 16:59:52'),
(27775, 'Katantion', 1, 998, NULL, '2009-11-03 16:49:47'),
(147240, 'nekowriternyan', 1, 3823, NULL, '2009-11-03 16:06:22'),
(75335, 'Nim', 1, 0, NULL, '2009-11-03 16:00:14'),
(124220, 'Cory5412', 1, 5324, NULL, '2009-11-03 16:48:54'),
(58921, 'rozeecheeks', 1, 2701, NULL, '2009-11-03 18:33:29'),
(128992, 'quillandink', 1, 3579, NULL, '2009-11-03 16:31:30'),
(203018, 'ThorinLight', 1, 7319, NULL, '2009-11-03 16:20:34'),
(403294, 'FreshRibbon', 1, 4233, NULL, '2009-11-03 16:14:08'),
(23576, 'plaidearthworm', 1, 0, NULL, '2009-11-03 16:37:59'),
(38051, 'shay85', 1, 7822, NULL, '2009-11-03 16:42:10'),
(45902, 'riverchic1998', 1, 10068, NULL, '2009-11-03 17:16:43'),
(148159, 'elspark', 1, 8736, NULL, '2009-11-03 18:23:21'),
(119999, 'Anshin', 1, 3380, NULL, '2009-11-03 16:01:28'),
(214853, 'Rigu', 1, 0, NULL, '2009-11-03 17:15:16'),
(14917, 'Casdena', 1, 8253, NULL, '2009-11-03 18:14:28'),
(80885, 'bizemama', 1, 0, NULL, '2009-11-03 18:21:17'),
(63715, 'missycat', 1, 6078, NULL, '2009-11-03 17:43:49'),
(212522, 'casimira', 1, 4156, NULL, '2009-11-03 17:11:45'),
(131053, 'Ixy-Pixy', 1, 6255, NULL, '2009-11-03 16:04:30'),
(78345, 'mwalker', 1, 4307, NULL, '2009-11-03 17:11:01'),
(156324, 'Composr', 1, 118, NULL, '2009-11-03 18:03:14'),
(105306, 'SweetIrony', 1, 378, NULL, '2009-11-03 17:06:25'),
(25270, 'Boo Boo', 1, 5001, NULL, '2009-11-03 18:39:09'),
(211078, 'themermaidslair', 1, 0, NULL, '2009-11-03 18:50:15'),
(53701, 'yangnome', 1, 10479, NULL, '2009-11-03 18:11:39'),
(210210, 'Blissercise', 1, 20164, NULL, '2009-11-03 16:40:32'),
(99825, 'katzendragonz', 1, 3993, NULL, '2009-11-03 16:24:15'),
(36670, 'TSEdiot', 1, 7252, NULL, '2009-11-03 18:39:08'),
(90505, 'skatepixie', 1, 8351, NULL, '2009-11-03 17:37:36'),
(436450, 'artdreamlife', 1, 5046, NULL, '2009-11-03 16:41:16'),
(94125, 'kalindria', 1, 4057, NULL, '2009-11-03 18:23:18'),
(211036, 'Cooper3', 1, 4633, NULL, '2009-11-03 17:10:58'),
(667, 'katster', 1, 5564, NULL, '2009-11-03 17:51:33'),
(125125, 'underpope', 1, 3125, NULL, '2009-11-03 18:07:06'),
(204232, 'victorville-tess', 1, 6866, NULL, '2009-11-03 17:38:12'),
(137473, 'wingedcreature', 1, 5883, NULL, '2009-11-03 16:38:39'),
(4978, 'writerdude', 1, 0, NULL, '2009-11-03 16:39:03'),
(76326, 'ReneeDrake', 1, 3212, NULL, '2009-11-03 17:27:48'),
(31764, 'lindac', 1, 484, NULL, '2009-11-03 17:23:56'),
(5709, 'gallifreyan', 1, 27, NULL, '2009-11-03 16:28:14'),
(6735, 'marcopolo', 1, 4086, NULL, '2009-11-03 16:27:16'),
(484, 'idunno', 1, 4870, NULL, '2009-11-03 18:07:38'),
(7284, 'Yllaria', 1, 0, NULL, '2009-11-03 17:47:16'),
(105178, 'Little_one', 1, 505, NULL, '2009-11-03 18:26:02'),
(6815, 'vortexae', 1, 5066, NULL, '2009-11-03 17:16:24'),
(18687, 'Alienor', 1, 4587, NULL, '2009-11-03 17:10:15'),
(56583, 'narniaprincess', 1, 4500, NULL, '2009-11-03 16:44:15'),
(57885, 'ihatepeas', 1, 3773, NULL, '2009-11-03 17:53:55'),
(4980, 'Tirjasdyn', 1, 10524, NULL, '2009-11-03 17:32:55'),
(46887, 'spleen', 1, 3460, NULL, '2009-11-03 16:56:29'),
(209495, 'Niassa', 1, 8511, NULL, '2009-11-03 16:43:46'),
(204267, 'Asherose', 1, 6331, NULL, '2009-11-03 16:11:22'),
(200903, 'dancegypsy', 1, 3338, NULL, '2009-11-03 16:35:06'),
(412153, 'zomby13', 1, 15037, NULL, '2009-11-03 18:10:31'),
(80172, 'rodney', 1, 6200, NULL, '2009-11-03 17:14:18'),
(19258, 'Skyla', 1, 3748, NULL, '2009-11-03 18:37:46'),
(44978, 'Kaydrienne', 1, 3492, NULL, '2009-11-03 16:36:35'),
(24675, 'NyKitty', 1, 2681, NULL, '2009-11-03 16:42:38'),
(1257, 'Lizzie', 1, 1419, NULL, '2009-11-03 18:42:02'),
(221596, 'katpetal', 1, 5554, NULL, '2009-11-03 16:04:50'),
(36257, 'Orion', 1, 6816, NULL, '2009-11-03 17:29:24'),
(127093, 'ms mcgoogles', 1, 2606, NULL, '2009-11-03 18:45:14'),
(49, 'weylyn42', 1, 7120, NULL, '2009-11-03 17:20:12'),
(229581, 'riloffey', 1, 8211, NULL, '2009-11-03 16:50:23'),
(209983, 'Finley', 1, 9266, NULL, '2009-11-03 17:22:12'),
(505152, 'MolotovMimi', 1, 1670, NULL, '2009-11-03 16:56:00'),
(57569, 'Elwyn', 1, 0, NULL, '2009-11-03 16:32:05'),
(441146, 'dreamingoutloud', 1, 0, NULL, '2009-11-03 17:21:05'),
(108049, 'Mandarino Techie', 1, 1832, NULL, '2009-11-03 17:11:59'),
(88679, 'BooksAndHorses', 1, 0, NULL, '2009-11-03 17:03:16'),
(142673, 'DreamsAreSacred', 1, 0, NULL, '2009-11-03 16:50:11'),
(48647, 'MarieDees', 1, 3000, NULL, '2009-11-03 16:20:54'),
(6478, 'Evuska', 1, 0, NULL, '2009-11-03 18:39:01'),
(92038, 'dreamyraynbo', 1, 2430, NULL, '2009-11-03 18:47:18'),
(212929, 'm_evergreen', 1, 472, NULL, '2009-11-03 16:27:05'),
(113324, 'MermaidSirena', 1, 3521, NULL, '2009-11-03 17:07:36'),
(63261, 'starrschaos', 1, 3173, NULL, '2009-11-03 18:08:22'),
(403803, 'Nephthys Moon', 1, 2467, NULL, '2009-11-03 18:12:47'),
(95933, 'fuzzynerds', 1, 6597, NULL, '2009-11-03 16:46:29'),
(114565, 'PearlRose', 1, 8336, NULL, '2009-11-03 16:28:21'),
(43724, 'lindah', 1, 2500, NULL, '2009-11-03 16:55:06'),
(234761, 'Anthropo', 1, 7442, NULL, '2009-11-03 16:08:20'),
(39990, 'jazzyjinx', 1, 2376, NULL, '2009-11-03 18:38:09'),
(101563, 'mattkinsi', 1, 16167, NULL, '2009-11-03 18:46:26'),
(40568, 'tiakall', 1, 21880, NULL, '2009-11-03 16:10:57'),
(139880, 'Sandtiger', 1, 151, NULL, '2009-11-03 17:28:13'),
(105022, 'Stravos', 1, 4574, NULL, '2009-11-03 17:50:48'),
(60020, 'silvergenji', 1, 7225, NULL, '2009-11-03 16:41:10'),
(37268, 'Xandurh', 1, 4243, NULL, '2009-11-03 18:33:55'),
(61805, 'AceOfBlades', 1, 4547, NULL, '2009-11-03 16:36:51'),
(158772, 'jvolavka', 1, 5238, NULL, '2009-11-03 16:44:13'),
(83964, 'machorse70', 1, 3400, NULL, '2009-11-03 17:22:54'),
(139161, 'SamJustice', 1, 3503, NULL, '2009-11-03 18:30:57'),
(105319, 'Morel', 1, 4003, NULL, '2009-11-03 16:18:05'),
(136621, 'katespin', 1, 3369, NULL, '2009-11-03 16:28:35'),
(42, 'syaffolee', 1, 7027, NULL, '2009-11-03 18:10:59'),
(72228, 'Pippi', 1, 2213, NULL, '2009-11-03 17:36:24'),
(228755, 'goloptious', 1, 1062, NULL, '2009-11-03 17:40:50'),
(244189, 'Jadeblue', 1, 0, NULL, '2009-11-03 16:16:30'),
(23634, 'sylvrilyn', 1, 10949, NULL, '2009-11-03 16:19:54'),
(92269, 'Foobar_Zen', 1, 5400, NULL, '2009-11-03 16:22:02'),
(149620, 'TimSimms', 1, 3753, NULL, '2009-11-03 16:19:09'),
(11417, 'Limmenel', 1, 6163, NULL, '2009-11-03 16:33:21'),
(98028, 'hikari.ni.uragitta', 1, 4350, NULL, '2009-11-03 17:07:37'),
(29246, 'Apollo16', 1, 3365, NULL, '2009-11-03 17:43:57'),
(89682, 'Mary Kowalski', 1, 7682, NULL, '2009-11-03 17:40:23'),
(133936, 'KatherineWriting', 1, 30118, NULL, '2009-11-03 16:46:25'),
(30837, 'NewMexicoKid', 1, 4528, NULL, '2009-11-03 16:43:35'),
(171355, 'TRRDEDEAN', 1, 15191, NULL, '2009-11-03 16:24:08'),
(61004, 'grouchmuffin', 1, 6363, NULL, '2009-11-03 18:16:39'),
(417710, 'Juniper34', 1, 7788, NULL, '2009-11-03 16:54:14'),
(224778, 'conjoined_kittens', 1, 8053, NULL, '2009-11-03 17:10:24'),
(130955, 'Jonathan Ingram', 1, 0, NULL, '2009-11-03 16:55:40'),
(124537, 'Saker Pup', 1, 1755, NULL, '2009-11-03 17:17:51'),
(208924, 'Tricksie', 1, 3713, NULL, '2009-11-03 16:28:16'),
(74329, 'Tara', 1, 5195, NULL, '2009-11-03 17:06:10'),
(92537, 'Ibibenibi', 1, 3002, NULL, '2009-11-03 17:24:17'),
(227107, 'orangevwbug', 1, 1847, NULL, '2009-11-03 16:35:27'),
(6483, 'AnniKat', 1, 11015, NULL, '2009-11-03 17:22:47'),
(129832, 'startracer', 1, 8827, NULL, '2009-11-03 16:21:24'),
(212003, 'Past_Midnight', 1, 6354, NULL, '2009-11-03 16:30:39'),
(76449, 'Carrejo', 1, 6935, NULL, '2009-11-03 18:27:11'),
(1396, 'adara', 1, 5374, NULL, '2009-11-03 16:37:39'),
(30548, 'mmccubb', 1, 9636, NULL, '2009-11-03 16:16:11'),
(118134, 'bambier', 1, 3477, NULL, '2009-11-03 16:57:29'),
(37423, 'k_puff', 1, 0, NULL, '2009-11-03 17:55:21'),
(313282, 'deliapants', 1, 0, NULL, '2009-11-03 16:30:41'),
(29993, 'Alphabeter', 1, 0, NULL, '2009-11-03 17:28:56'),
(95302, 'bartonstudio', 1, 0, NULL, '2009-11-03 16:15:27'),
(107108, 'thediarywithin', 1, 5592, NULL, '2009-11-03 17:28:09'),
(102169, 'tedboone', 1, 3685, NULL, '2009-11-03 16:51:26'),
(82578, 'saratune', 1, 5000, NULL, '2009-11-03 16:28:47'),
(63287, 'banazir', 1, 3369, NULL, '2009-11-03 16:35:46'),
(30280, 'lysistrata', 1, 9595, NULL, '2009-11-03 17:55:33'),
(131910, 'SonataAllegro', 1, 6656, NULL, '2009-11-03 18:34:59'),
(92406, 'renrig210', 1, 1983, NULL, '2009-11-03 17:45:02'),
(54142, 'Sekitou', 1, 1480, NULL, '2009-11-03 17:02:02'),
(215774, 'newsie', 1, 2460, NULL, '2009-11-03 17:12:02'),
(137677, 'UserExec', 1, 2462, NULL, '2009-11-03 17:43:25'),
(228889, 'leighlady', 1, 4534, NULL, '2009-11-03 16:51:40'),
(65220, 'tmgray', 1, 5409, NULL, '2009-11-03 18:15:18'),
(156853, 'jensoda', 1, 9541, NULL, '2009-11-03 16:01:18'),
(26378, 'silvermander', 1, 13922, NULL, '2009-11-03 17:11:22'),
(75435, 'Aunt Silly', 1, 5131, NULL, '2009-11-03 17:06:27'),
(115108, 'Goldenmane', 1, 3581, NULL, '2009-11-03 17:37:34'),
(3591, 'vix', 1, 7964, NULL, '2009-11-03 17:23:02'),
(39854, 'punahougirl84', 1, 6015, NULL, '2009-11-03 16:02:47'),
(127406, 'Dixieflatliner', 1, 0, NULL, '2009-11-03 16:52:41'),
(38277, 'QueenOfTheUniverse', 1, 6000, NULL, '2009-11-03 18:00:33'),
(72691, 'tkphotog', 1, 650, NULL, '2009-11-03 16:39:19'),
(67892, 'baystater', 1, 6054, NULL, '2009-11-03 16:08:29'),
(124751, 'jennsaf', 1, 0, NULL, '2009-11-03 16:04:48'),
(74340, 'Sariah', 1, 0, NULL, '2009-11-03 16:40:19'),
(46704, 'librarygurl', 1, 7059, NULL, '2009-11-03 16:59:13'),
(97935, 'fograsher', 1, 666, NULL, '2009-11-03 16:43:39'),
(40780, 'Bricoleur', 1, 2384, NULL, '2009-11-03 17:58:54'),
(502359, 'theboysgonehome', 1, 1315, NULL, '2009-11-03 18:41:17'),
(25663, 'Amaseya', 1, 3736, NULL, '2009-11-03 17:10:16'),
(43708, 'caffeinatedelf', 1, 2707, NULL, '2009-11-03 16:50:27'),
(39108, 'synthetic_jesso', 1, 0, NULL, '2009-11-03 17:59:41'),
(48748, 'TheJadeCat', 1, 8700, NULL, '2009-11-03 17:28:05'),
(169923, 'A_Rachelle', 1, 2555, NULL, '2009-11-03 17:15:11'),
(71535, 'scissor pirate', 1, 6120, NULL, '2009-11-03 16:47:16'),
(139411, 'Gypsywitch', 1, 4003, NULL, '2009-11-03 17:05:34'),
(17375, 'pipermaru', 1, 4577, NULL, '2009-11-03 16:48:29'),
(123670, 'Megan Allen', 1, 11034, NULL, '2009-11-03 16:38:22'),
(411847, 'Severa', 1, 8552, NULL, '2009-11-03 16:52:56'),
(49424, 'improg', 1, 3781, NULL, '2009-11-03 17:36:06'),
(507504, 'Treasuretroll', 1, 3349, NULL, '2009-11-03 16:41:51'),
(16391, 'sapphirestar', 1, 4025, NULL, '2009-11-03 17:44:59'),
(104778, 'Carrietta Marlow', 1, 3452, NULL, '2009-11-03 18:12:35'),
(208276, 'Aelph', 1, 4645, NULL, '2009-11-03 17:45:44'),
(77961, 'fluffington', 1, 1466, NULL, '2009-11-03 17:04:51'),
(17210, 'Darksong Shadowhart', 1, 3465, NULL, '2009-11-03 17:06:46'),
(39251, 'heymom1968', 1, 4521, NULL, '2009-11-03 17:03:49'),
(78897, 'Carolyn Branch', 1, 4250, NULL, '2009-11-03 17:21:10'),
(104344, 'inkwet_image', 1, 2070, NULL, '2009-11-03 18:08:30'),
(91192, 'poetT', 1, 2404, NULL, '2009-11-03 18:39:45'),
(95107, 'ColorOfSakura', 1, 5002, NULL, '2009-11-03 18:38:26'),
(16509, 'francis_grey', 1, 8312, NULL, '2009-11-03 16:40:01'),
(39523, 'etoiline', 1, 3541, NULL, '2009-11-03 16:38:32'),
(77193, 'Kay Erickson', 1, 1401, NULL, '2009-11-03 16:44:46'),
(85248, 'Julie.', 1, 3340, NULL, '2009-11-03 17:02:19'),
(97106, 'AngelWriter', 1, 1050, NULL, '2009-11-03 17:15:09'),
(151933, 'LauraH213', 1, 5349, NULL, '2009-11-03 18:11:49'),
(130473, 'Leahwells', 1, 12874, NULL, '2009-11-03 18:20:05'),
(22776, 'caitirin', 1, 8365, NULL, '2009-11-03 18:45:29'),
(73612, 'jamiebee', 1, 4421, NULL, '2009-11-03 18:31:29'),
(57429, 'Katie C', 1, 3932, NULL, '2009-11-03 16:13:48'),
(64284, 'Pat Marin', 1, 3823, NULL, '2009-11-03 16:41:30'),
(156692, 'moongoddess', 1, 3350, NULL, '2009-11-03 16:34:48'),
(308371, 'Circus', 1, 3556, NULL, '2009-11-03 16:22:22'),
(153331, 'schnedar', 1, 2106, NULL, '2009-11-03 18:46:12'),
(86405, 'phoenixwaller', 1, 5000, NULL, '2009-11-03 18:15:13'),
(141675, 'MartianMenace', 1, 5219, NULL, '2009-11-03 16:03:47'),
(229681, 'Liz Lynch', 1, 4026, NULL, '2009-11-03 17:26:55'),
(50110, 'myla fantastik', 1, 0, NULL, '2009-11-03 18:28:48'),
(2413, 'oceanid', 1, 0, NULL, '2009-11-03 16:10:12'),
(39455, 'mad_anne_cash', 1, 414, NULL, '2009-11-03 16:37:07'),
(42687, 'midnightc3', 1, 10504, NULL, '2009-11-03 16:01:24'),
(40600, 'theangler', 1, 0, NULL, '2009-11-03 17:12:13'),
(42498, 'N_E_Star', 1, 840, NULL, '2009-11-03 16:38:51'),
(1266, 'fshk', 1, 7417, NULL, '2009-11-03 16:43:58'),
(72887, 'Cillilib', 1, 1852, NULL, '2009-11-03 16:04:20'),
(19302, 'vedesca', 1, 6068, NULL, '2009-11-03 18:23:12'),
(41787, 'coderster', 1, 8683, NULL, '2009-11-03 16:14:55'),
(9, 'maurice', 1, 6759, NULL, '2009-11-03 18:45:55'),
(20554, 'santiago', 1, 5792, NULL, '2009-11-03 17:34:46'),
(245382, 'jahva241', 1, 2653, NULL, '2009-11-03 16:04:07'),
(201359, 'alessandriana', 1, 76, NULL, '2009-11-03 18:46:52'),
(441206, 'solstice1974', 1, 4049, NULL, '2009-11-03 17:59:28'),
(129904, 'Writingwolf', 1, 3609, NULL, '2009-11-03 16:48:39'),
(94676, 'shmoo', 1, 8433, NULL, '2009-11-03 17:29:57'),
(400844, 'apurcell', 1, 3883, NULL, '2009-11-03 17:08:49'),
(400353, 'ShannonDoah', 1, 4902, NULL, '2009-11-03 17:42:16'),
(23534, 'CarmicWords', 1, 6674, NULL, '2009-11-03 16:01:22'),
(404357, 'Tryllyam', 1, 129, NULL, '2009-11-03 17:14:49'),
(433230, 'DeAubreyDigest', 1, 4757, NULL, '2009-11-03 18:14:44'),
(18830, 'Brandice', 1, 3481, NULL, '2009-11-03 16:55:12'),
(2151, 'bardichaun', 1, 2320, NULL, '2009-11-03 18:23:44'),
(3151, 'myopic', 1, 5209, NULL, '2009-11-03 17:30:18'),
(16031, 'GeologyGirl', 1, 0, NULL, '2009-11-03 17:51:43'),
(131422, 'Chaoticpi', 1, 7006, NULL, '2009-11-03 17:19:30'),
(104672, 'Deivyd', 1, 0, NULL, '2009-11-03 17:37:04'),
(97059, 'Bladethegreat', 1, 0, NULL, '2009-11-03 17:07:20'),
(135895, 'plexerei', 1, 5053, NULL, '2009-11-03 16:52:20'),
(97049, 'Manzana Flash', 1, 10111, NULL, '2009-11-03 18:38:48'),
(127513, 'S.S. Dailey', 1, 7063, NULL, '2009-11-03 16:49:22'),
(414317, 'Vinxman', 1, 2314, NULL, '2009-11-03 18:32:46'),
(59508, 'KamikazeCricket', 1, 0, NULL, '2009-11-03 17:01:09'),
(22836, 'TStar', 1, 3026, NULL, '2009-11-03 16:32:09'),
(164849, 'ConvolutedWordsmith', 1, 9221, NULL, '2009-11-03 18:21:25'),
(158740, 'wolfdancer', 1, 3402, NULL, '2009-11-03 16:43:00'),
(211474, 'amanda s.', 1, 4245, NULL, '2009-11-03 18:18:28'),
(120557, 'Darfinkle', 1, 775, NULL, '2009-11-03 16:26:41'),
(146748, 'Twilite', 1, 4382, NULL, '2009-11-03 17:19:15'),
(43429, 'brightshadowsky', 1, 5136, NULL, '2009-11-03 17:29:05'),
(97317, 'fannyprice', 1, 1842, NULL, '2009-11-03 16:44:44'),
(79156, 'Wairoam', 1, 5561, NULL, '2009-11-03 18:46:05'),
(113055, 'Syreo', 1, 0, NULL, '2009-11-03 18:18:22'),
(38917, 'mavericklearner', 1, 0, NULL, '2009-11-03 16:02:46'),
(88034, 'merrihart', 1, 2740, NULL, '2009-11-03 17:40:59'),
(82081, 'Veryfresh', 1, 2532, NULL, '2009-11-03 17:00:40'),
(184181, 'ljrpicasso', 1, 2780, NULL, '2009-11-03 16:52:23'),
(4355, 'Nellie', 1, 3382, NULL, '2009-11-03 18:42:39'),
(31617, 'Erin_M_H', 1, 1488, NULL, '2009-11-03 17:48:46'),
(15355, 'NickiIV', 1, 1126, NULL, '2009-11-03 17:33:50'),
(87085, 'aesthetic42', 1, 0, NULL, '2009-11-03 16:49:47'),
(13417, 'lttlredcorvette', 1, 3417, NULL, '2009-11-03 17:54:21'),
(206259, 's_m_clark2006', 1, 7579, NULL, '2009-11-03 16:16:38'),
(55455, 'Roc_Lott', 1, 1200, NULL, '2009-11-03 18:28:58'),
(50595, 'n3pff', 1, 4216, NULL, '2009-11-03 16:07:12'),
(46204, 'SelenaM', 1, 1684, NULL, '2009-11-03 18:54:09'),
(75980, 'Becka', 1, 3108, NULL, '2009-11-03 16:13:14'),
(97778, 'Kalayna', 1, 3771, NULL, '2009-11-03 16:34:54'),
(88969, 'Tikatu', 1, 3700, NULL, '2009-11-03 18:30:51'),
(175, 'Tadiera', 1, 4039, NULL, '2009-11-03 17:44:01'),
(124421, 'General Seiyaryu', 1, 388, NULL, '2009-11-03 16:57:55'),
(401376, 'luv2beloved', 1, 13002, NULL, '2009-11-03 16:34:28'),
(10476, 'Dev', 1, 3333, NULL, '2009-11-03 17:15:40'),
(11608, 'amethyst skies', 1, 5209, NULL, '2009-11-03 16:04:41'),
(126511, 'sanremoave', 1, 6193, NULL, '2009-11-03 17:12:38'),
(23329, 'fly', 1, 8031, NULL, '2009-11-03 16:31:31'),
(98289, 'slvrwhispr', 1, 6349, NULL, '2009-11-03 16:18:34'),
(92956, 'Philosopher', 1, 2548, NULL, '2009-11-03 17:41:42'),
(124560, 'Ensis', 1, 2528, NULL, '2009-11-03 18:19:27'),
(47044, 'ReinaCriss', 1, 5290, NULL, '2009-11-03 16:26:01'),
(128926, 'misakyra', 1, 3000, NULL, '2009-11-03 17:20:17'),
(41046, 'Devil_Trigger', 1, 3810, NULL, '2009-11-03 16:54:32'),
(124870, 'WMSimon', 1, 6240, NULL, '2009-11-03 17:03:39'),
(95355, 'PataLeBon', 1, 4021, NULL, '2009-11-03 16:30:26'),
(140283, 'Toggy', 1, 6699, NULL, '2009-11-03 16:19:57'),
(140887, 'scarletglompgirl', 1, 1258, NULL, '2009-11-03 18:27:30'),
(20937, 'banai', 1, 13003, NULL, '2009-11-03 18:41:19'),
(78110, 'utoxin', 1, 5536, NULL, '2009-11-03 17:23:26'),
(210421, 'swiftdust', 1, 4850, NULL, '2009-11-03 18:28:26'),
(312164, 'runkefer', 1, 3476, NULL, '2009-11-03 16:50:50'),
(108767, 'xfaereveriex', 1, 4146, NULL, '2009-11-03 16:29:57'),
(255856, 'ashleyyosaurus', 1, 4608, NULL, '2009-11-03 17:23:02'),
(57889, 'Kamikaze Mission', 1, 0, NULL, '2009-11-03 17:44:02'),
(86578, 'luckyjean', 1, 349, NULL, '2009-11-03 17:28:01'),
(225593, 'kyates1963', 1, 0, NULL, '2009-11-03 18:07:58'),
(155933, 'Susieiz', 1, 7050, NULL, '2009-11-03 16:27:37'),
(169398, 'thelonephotographer', 1, 4275, NULL, '2009-11-03 18:12:12'),
(13940, 'kefururi', 1, 425, NULL, '2009-11-03 17:56:43'),
(214445, 'Neffis', 1, 7000, NULL, '2009-11-03 17:26:18'),
(57652, 'xenachick', 1, 0, NULL, '2009-11-03 16:46:24'),
(206804, 'BFootNovellista', 1, 10019, NULL, '2009-11-03 18:08:04'),
(124522, 'elizabethm', 1, 4420, NULL, '2009-11-03 18:20:08'),
(106286, 'whitestar', 1, 9226, NULL, '2009-11-03 16:01:19'),
(94450, 'lheannon', 1, 2233, NULL, '2009-11-03 17:41:08'),
(43011, 'Mandrina', 1, 0, NULL, '2009-11-03 16:45:12'),
(27181, 'Dichotomy6958', 1, 4999, NULL, '2009-11-03 17:27:12'),
(128073, 'Jayce_Grae', 1, 3256, NULL, '2009-11-03 16:48:14'),
(184608, 'Trilli', 1, 13407, NULL, '2009-11-03 18:38:50'),
(27518, 'Chocolatequeen', 1, 10010, NULL, '2009-11-03 16:54:30'),
(38956, 'lollybob818', 1, 4002, NULL, '2009-11-03 16:26:20'),
(45801, 'krobin', 1, 2021, NULL, '2009-11-03 17:46:01'),
(131465, 'Lucretia Van Skyhawk', 1, 3472, NULL, '2009-11-03 16:06:11'),
(109537, 'Zhie', 1, 5101, NULL, '2009-11-03 18:57:05'),
(89795, 'Epros', 1, 4004, NULL, '2009-11-03 16:37:59'),
(128, 'cybele', 2, 4831, NULL, '2009-11-03 16:35:02'),
(301, 'Chris Baty', 2, 2018, NULL, '2009-11-03 17:34:41'),
(131152, 'drewpatty', 2, 5332, NULL, '2009-11-03 18:43:08'),
(306694, 'Lindsey Grant', 2, 5621, NULL, '2009-11-03 18:07:07'),
(12411, 'Dragonchilde', 2, 6026, NULL, '2009-11-03 18:16:46'),
(34626, 'YGJunkie85', 1, 6586, NULL, '2009-11-03 16:38:55'),
(200626, 'Dreamers Cove', 1, 11640, NULL, '2009-11-03 16:03:46'),
(9203, 'lazym', 2, 3628, NULL, '2009-11-03 16:24:38'),
(1148, 'SarahJanet', 2, 1879, NULL, '2009-11-03 17:25:11'),
(48991, 'AlleyCat', 1, 7488, NULL, '2009-11-03 16:20:43'),
(5700, 'Junglemonkey', 1, 10691, NULL, '2009-11-03 17:23:59'),
(200923, 'Kagura', 1, 7404, NULL, '2009-11-03 17:47:22'),
(209560, 'Missie1300', 1, 3363, NULL, '2009-11-03 18:24:56'),
(109896, 'lastsyllable', 1, 5800, NULL, '2009-11-03 17:55:25'),
(61767, 'Maidenfine', 1, 1702, NULL, '2009-11-03 16:02:39'),
(201596, 'Cieria', 1, 20008, NULL, '2009-11-03 17:29:43'),
(221851, 'Duochanfan', 1, 8701, NULL, '2009-11-03 17:25:08');

-- --------------------------------------------------------

--
-- Table structure for table `ml_wc_history`
--

CREATE TABLE IF NOT EXISTS `ml_wc_history` (
  `uid` bigint(20) unsigned NOT NULL,
  `date` date NOT NULL,
  `count` bigint(20) unsigned NOT NULL,
  PRIMARY KEY  (`uid`,`date`)
) ENGINE=MyISAM DEFAULT CHARSET=utf8;

--
-- Dumping data for table `ml_wc_history`
--

INSERT INTO `ml_wc_history` (`uid`, `date`, `count`) VALUES
(67892, '2009-11-02', 3440),
(73061, '2009-11-01', 1114),
(73061, '2009-11-02', 2538),
(61805, '2009-11-02', 4547),
(1396, '2009-11-01', 1144),
(1396, '2009-11-02', 5374),
(208276, '2009-11-02', 3734),
(201359, '2009-11-02', 76),
(18687, '2009-11-02', 4587),
(211474, '2009-11-02', 4245),
(421902, '2009-11-01', 0),
(421902, '2009-11-02', 1799),
(25663, '2009-11-02', 3736),
(11608, '2009-11-02', 3270),
(221692, '2009-11-02', 7003),
(24904, '2009-11-02', 5112),
(97106, '2009-11-01', 249),
(97106, '2009-11-02', 1050),
(24484, '2009-11-01', 3660),
(24484, '2009-11-02', 5331),
(15855, '2009-11-02', 500),
(410564, '2009-11-01', 7000),
(410564, '2009-11-02', 12247),
(6483, '2009-11-02', 11015),
(29246, '2009-11-02', 3365),
(400844, '2009-11-02', 3883),
(25245, '2009-11-02', 8549),
(95341, '2009-11-01', 855),
(95341, '2009-11-02', 1064),
(108707, '2009-11-01', 0),
(108707, '2009-11-02', 3447),
(47268, '2009-11-01', 6030),
(47268, '2009-11-02', 7676),
(436450, '2009-11-02', 3835),
(255856, '2009-11-02', 4379),
(75435, '2009-11-02', 4457),
(63981, '2009-11-02', 4995),
(169923, '2009-11-01', 0),
(169923, '2009-11-02', 1808),
(118134, '2009-11-02', 1327),
(20937, '2009-11-01', 8436),
(20937, '2009-11-02', 11911),
(63287, '2009-11-01', 1491),
(63287, '2009-11-02', 2559),
(125630, '2009-11-02', 3628),
(2151, '2009-11-01', 0),
(2151, '2009-11-02', 2320),
(75980, '2009-11-02', 3108),
(243785, '2009-11-02', 3610),
(129029, '2009-11-01', 894),
(129029, '2009-11-02', 3336),
(210210, '2009-11-01', 11560),
(210210, '2009-11-02', 18489),
(25270, '2009-11-02', 5001),
(29115, '2009-11-02', 3607),
(18830, '2009-11-02', 3481),
(40780, '2009-11-02', 2384),
(43429, '2009-11-02', 5136),
(217776, '2009-11-01', 8652),
(217776, '2009-11-02', 17871),
(43708, '2009-11-01', 1707),
(43708, '2009-11-02', 2179),
(22776, '2009-11-02', 7069),
(72719, '2009-11-01', 1833),
(72719, '2009-11-02', 4552),
(124631, '2009-11-01', 7361),
(124631, '2009-11-02', 12408),
(26249, '2009-11-02', 3902),
(23534, '2009-11-02', 6674),
(78897, '2009-11-02', 3016),
(76449, '2009-11-02', 6935),
(104778, '2009-11-02', 3452),
(14917, '2009-11-01', 5026),
(14917, '2009-11-02', 8253),
(212522, '2009-11-02', 4156),
(14953, '2009-11-02', 0),
(53317, '2009-11-01', 2337),
(53317, '2009-11-02', 3875),
(131422, '2009-11-01', 0),
(131422, '2009-11-02', 4046),
(87018, '2009-11-01', 0),
(87018, '2009-11-02', 5186),
(27518, '2009-11-02', 9000),
(301, '2009-11-02', 2018),
(308371, '2009-11-01', 1144),
(308371, '2009-11-02', 3556),
(41787, '2009-11-02', 6800),
(95107, '2009-11-02', 5002),
(156324, '2009-11-02', 118),
(224778, '2009-11-02', 6680),
(164849, '2009-11-02', 6865),
(211036, '2009-11-02', 4303),
(124220, '2009-11-02', 5324),
(502313, '2009-11-01', 8257),
(502313, '2009-11-02', 15520),
(135452, '2009-11-02', 2305),
(150810, '2009-11-02', 3674),
(128, '2009-11-02', 4831),
(200903, '2009-11-02', 3338),
(120557, '2009-11-02', 775),
(1020, '2009-11-02', 1066),
(17210, '2009-11-02', 3465),
(208476, '2009-11-02', 3038),
(105478, '2009-11-01', 1811),
(105478, '2009-11-02', 3524),
(433230, '2009-11-02', 3803),
(10476, '2009-11-02', 3333),
(41046, '2009-11-01', 0),
(41046, '2009-11-02', 3810),
(129803, '2009-11-02', 648),
(27181, '2009-11-02', 4999),
(50021, '2009-11-02', 4662),
(408295, '2009-11-02', 5008),
(164322, '2009-11-01', 6077),
(164322, '2009-11-02', 10008),
(186190, '2009-11-02', 6339),
(92038, '2009-11-02', 2430),
(131152, '2009-11-01', 1773),
(131152, '2009-11-02', 3441),
(21681, '2009-11-01', 11954),
(21681, '2009-11-02', 17730),
(145148, '2009-11-02', 5496),
(769, '2009-11-02', 1710),
(211036, '2009-11-01', 2410),
(27518, '2009-11-01', 5239),
(303704, '2009-11-02', 1737),
(67267, '2009-11-02', 4057),
(148159, '2009-11-02', 7004),
(6761, '2009-11-01', 1830),
(6761, '2009-11-02', 2105),
(89795, '2009-11-02', 4004),
(31617, '2009-11-01', 537),
(31617, '2009-11-02', 1488),
(134706, '2009-11-02', 3351),
(37808, '2009-11-02', 9647),
(39523, '2009-11-02', 3340),
(222000, '2009-11-02', 8844),
(97317, '2009-11-02', 1842),
(1235, '2009-11-02', 4463),
(23329, '2009-11-02', 6403),
(97935, '2009-11-02', 666),
(16509, '2009-11-01', 5290),
(16509, '2009-11-02', 6008),
(428162, '2009-11-02', 4837),
(403294, '2009-11-02', 4233),
(1266, '2009-11-02', 7417),
(95933, '2009-11-02', 6597),
(5709, '2009-11-02', 27),
(124421, '2009-11-01', 0),
(124421, '2009-11-02', 212),
(115108, '2009-11-02', 3581),
(228755, '2009-11-02', 1062),
(61004, '2009-11-02', 6363),
(139411, '2009-11-02', 3086),
(257473, '2009-11-02', 6588),
(97364, '2009-11-02', 3460),
(98028, '2009-11-02', 4350),
(42720, '2009-11-02', 7071),
(86977, '2009-11-01', 1950),
(86977, '2009-11-02', 3578),
(92537, '2009-11-01', 1263),
(92537, '2009-11-02', 2270),
(484, '2009-11-02', 4870),
(57885, '2009-11-02', 3417),
(90083, '2009-11-02', 5123),
(49424, '2009-11-02', 1668),
(38662, '2009-11-02', 2659),
(104344, '2009-11-02', 2070),
(200850, '2009-11-01', 0),
(200850, '2009-11-02', 2002),
(131053, '2009-11-02', 6255),
(244189, '2009-11-02', 0),
(245382, '2009-11-02', 2653),
(73612, '2009-11-02', 4421),
(128073, '2009-11-02', 3256),
(41034, '2009-11-01', 3145),
(41034, '2009-11-02', 9213),
(39990, '2009-11-02', 2376),
(43181, '2009-11-01', 1342),
(43181, '2009-11-02', 2020),
(156853, '2009-11-01', 5085),
(156853, '2009-11-02', 8257),
(126023, '2009-11-01', 9066),
(126023, '2009-11-02', 31444),
(26746, '2009-11-02', 10351),
(303219, '2009-11-01', 10085),
(303219, '2009-11-02', 12690),
(85248, '2009-11-02', 2107),
(417710, '2009-11-02', 5764),
(34147, '2009-11-01', 13148),
(34147, '2009-11-02', 21180),
(158772, '2009-11-02', 5238),
(453027, '2009-11-01', 5585),
(453027, '2009-11-02', 11112),
(24472, '2009-11-01', 2059),
(24472, '2009-11-02', 4085),
(15468, '2009-11-02', 1350),
(97778, '2009-11-02', 3771),
(94125, '2009-11-02', 4057),
(40527, '2009-11-02', 3009),
(27775, '2009-11-02', 998),
(136621, '2009-11-02', 3369),
(133936, '2009-11-01', 16019),
(133936, '2009-11-02', 26542),
(57429, '2009-11-02', 3932),
(221596, '2009-11-02', 4580),
(667, '2009-11-01', 3877),
(667, '2009-11-02', 4158),
(99825, '2009-11-02', 3993),
(44978, '2009-11-02', 3492),
(47639, '2009-11-01', 0),
(47639, '2009-11-02', 314),
(40031, '2009-11-02', 8244),
(437496, '2009-11-02', 393),
(209372, '2009-11-01', 3070),
(209372, '2009-11-02', 3891),
(26985, '2009-11-01', 1580),
(26985, '2009-11-02', 3209),
(124300, '2009-11-01', 5001),
(124300, '2009-11-02', 8026),
(45801, '2009-11-02', 2021),
(201680, '2009-11-02', 900),
(149335, '2009-11-02', 3351),
(151933, '2009-11-02', 5017),
(18694, '2009-11-01', 2182),
(18694, '2009-11-02', 3575),
(9203, '2009-11-02', 2626),
(130473, '2009-11-01', 2463),
(130473, '2009-11-02', 10041),
(202239, '2009-11-02', 8000),
(228889, '2009-11-02', 4534),
(94450, '2009-11-02', 2233),
(46704, '2009-11-02', 5922),
(11417, '2009-11-02', 5003),
(31764, '2009-11-02', 484),
(43724, '2009-11-01', 0),
(43724, '2009-11-02', 2500),
(229681, '2009-11-02', 2223),
(184181, '2009-11-02', 2780),
(38956, '2009-11-02', 4002),
(77746, '2009-11-01', 2897),
(77746, '2009-11-02', 4056),
(13417, '2009-11-02', 3417),
(131465, '2009-11-02', 3472),
(401376, '2009-11-02', 11057),
(30280, '2009-11-02', 7992),
(83964, '2009-11-02', 3400),
(39455, '2009-11-02', 414),
(74917, '2009-11-02', 5000),
(124665, '2009-11-02', 3434),
(108049, '2009-11-02', 1832),
(212456, '2009-11-01', 125),
(212456, '2009-11-02', 1713),
(97049, '2009-11-02', 8373),
(6735, '2009-11-02', 4086),
(3613, '2009-11-01', 4582),
(3613, '2009-11-02', 6296),
(141675, '2009-11-02', 5219),
(89682, '2009-11-02', 6153),
(101563, '2009-11-02', 13226),
(9, '2009-11-01', 4463),
(9, '2009-11-02', 6033),
(17135, '2009-11-02', 4239),
(46585, '2009-11-01', 4004),
(46585, '2009-11-02', 12446),
(123670, '2009-11-01', 6326),
(123670, '2009-11-02', 9837),
(113324, '2009-11-02', 3521),
(94992, '2009-11-02', 7463),
(88034, '2009-11-02', 2740),
(76818, '2009-11-02', 3149),
(42687, '2009-11-02', 10504),
(128926, '2009-11-02', 2761),
(77715, '2009-11-02', 1716),
(63715, '2009-11-02', 3084),
(30548, '2009-11-02', 9636),
(505152, '2009-11-02', 1670),
(162559, '2009-11-01', 0),
(162559, '2009-11-02', 3567),
(156692, '2009-11-02', 3350),
(204856, '2009-11-01', 0),
(204856, '2009-11-02', 7964),
(105319, '2009-11-02', 4003),
(127093, '2009-11-01', 471),
(127093, '2009-11-02', 1894),
(78345, '2009-11-02', 4276),
(3151, '2009-11-01', 2138),
(3151, '2009-11-02', 3438),
(97647, '2009-11-02', 6379),
(301752, '2009-11-01', 0),
(301752, '2009-11-02', 3720),
(104725, '2009-11-02', 3714),
(56583, '2009-11-02', 4500),
(214445, '2009-11-02', 5764),
(93168, '2009-11-02', 5015),
(147240, '2009-11-02', 3823),
(4355, '2009-11-02', 3382),
(403803, '2009-11-02', 2467),
(70112, '2009-11-01', 1845),
(70112, '2009-11-02', 2505),
(30837, '2009-11-01', 2850),
(30837, '2009-11-02', 4528),
(215774, '2009-11-02', 2460),
(209495, '2009-11-02', 8511),
(24675, '2009-11-01', 0),
(24675, '2009-11-02', 1811),
(42498, '2009-11-02', 840),
(88121, '2009-11-01', 3070),
(88121, '2009-11-02', 5058),
(227107, '2009-11-01', 444),
(227107, '2009-11-02', 1847),
(36257, '2009-11-01', 0),
(36257, '2009-11-02', 5789),
(212003, '2009-11-02', 4195),
(64284, '2009-11-02', 3823),
(95355, '2009-11-02', 4021),
(114565, '2009-11-02', 7085),
(92956, '2009-11-02', 2548),
(140274, '2009-11-02', 2317),
(86405, '2009-11-02', 5000),
(20215, '2009-11-02', 11),
(17375, '2009-11-01', 0),
(17375, '2009-11-02', 4577),
(72228, '2009-11-02', 1689),
(135895, '2009-11-01', 0),
(135895, '2009-11-02', 2820),
(91192, '2009-11-01', 323),
(91192, '2009-11-02', 2404),
(86838, '2009-11-02', 3276),
(39854, '2009-11-01', 1005),
(39854, '2009-11-02', 3820),
(139048, '2009-11-01', 10501),
(139048, '2009-11-02', 15502),
(128992, '2009-11-02', 3579),
(39632, '2009-11-01', 1550),
(39632, '2009-11-02', 3519),
(109356, '2009-11-02', 3617),
(107178, '2009-11-01', 3345),
(107178, '2009-11-02', 6455),
(47044, '2009-11-02', 5290),
(76326, '2009-11-02', 3212),
(92406, '2009-11-02', 0),
(229581, '2009-11-02', 8211),
(80125, '2009-11-02', 7253),
(45902, '2009-11-02', 10068),
(55455, '2009-11-02', 1200),
(80172, '2009-11-02', 3200),
(312164, '2009-11-02', 1744),
(127513, '2009-11-02', 7063),
(83999, '2009-11-01', 2035),
(83999, '2009-11-02', 3336),
(124537, '2009-11-02', 1755),
(139161, '2009-11-02', 3503),
(126511, '2009-11-02', 6193),
(20554, '2009-11-02', 5792),
(16391, '2009-11-02', 4025),
(42672, '2009-11-02', 3360),
(1148, '2009-11-02', 1879),
(82578, '2009-11-02', 5000),
(71535, '2009-11-02', 1800),
(54142, '2009-11-02', 1403),
(46204, '2009-11-02', 1684),
(411847, '2009-11-02', 7618),
(222067, '2009-11-02', 8844),
(400353, '2009-11-02', 4168),
(38051, '2009-11-02', 7822),
(99101, '2009-11-01', 4530),
(99101, '2009-11-02', 7623),
(94676, '2009-11-02', 8433),
(60020, '2009-11-01', 3574),
(60020, '2009-11-02', 6869),
(26378, '2009-11-02', 5194),
(90505, '2009-11-02', 8351),
(19258, '2009-11-02', 2800),
(98289, '2009-11-02', 6349),
(53399, '2009-11-02', 6832),
(441206, '2009-11-02', 3356),
(131910, '2009-11-02', 4694),
(25091, '2009-11-02', 1816),
(28528, '2009-11-02', 4324),
(46887, '2009-11-02', 3460),
(80683, '2009-11-02', 10067),
(63261, '2009-11-02', 3173),
(129832, '2009-11-01', 4630),
(129832, '2009-11-02', 8527),
(23048, '2009-11-02', 11004),
(105022, '2009-11-02', 4574),
(18027, '2009-11-02', 3410),
(155933, '2009-11-02', 5631),
(105306, '2009-11-01', 0),
(105306, '2009-11-02', 378),
(210421, '2009-11-02', 4850),
(42, '2009-11-01', 2427),
(42, '2009-11-02', 5876),
(23634, '2009-11-02', 5593),
(206259, '2009-11-02', 7579),
(175, '2009-11-02', 4031),
(74329, '2009-11-02', 3796),
(102169, '2009-11-02', 3685),
(263199, '2009-11-02', 7477),
(4463, '2009-11-02', 3679),
(502359, '2009-11-02', 1315),
(107108, '2009-11-02', 5592),
(48748, '2009-11-01', 3584),
(48748, '2009-11-02', 5513),
(169398, '2009-11-02', 3420),
(203018, '2009-11-02', 5569),
(40568, '2009-11-02', 19768),
(88969, '2009-11-02', 3700),
(149620, '2009-11-02', 3753),
(45043, '2009-11-01', 2050),
(45043, '2009-11-02', 4608),
(4980, '2009-11-02', 7814),
(72691, '2009-11-02', 650),
(65220, '2009-11-02', 5409),
(140283, '2009-11-01', 5352),
(140283, '2009-11-02', 6699),
(507504, '2009-11-02', 3018),
(208924, '2009-11-02', 3086),
(184608, '2009-11-01', 10074),
(184608, '2009-11-02', 13407),
(171355, '2009-11-02', 10709),
(404357, '2009-11-02', 129),
(36670, '2009-11-02', 5102),
(22836, '2009-11-02', 3026),
(146748, '2009-11-02', 4382),
(125125, '2009-11-02', 3125),
(309, '2009-11-01', 1758),
(309, '2009-11-02', 2923),
(137677, '2009-11-02', 0),
(78110, '2009-11-02', 5088),
(19302, '2009-11-02', 4205),
(82081, '2009-11-02', 2532),
(204232, '2009-11-02', 6866),
(414317, '2009-11-02', 1019),
(3591, '2009-11-02', 7964),
(6815, '2009-11-02', 3311),
(79156, '2009-11-02', 3113),
(653, '2009-11-02', 1825),
(49, '2009-11-02', 7120),
(106286, '2009-11-02', 9226),
(63371, '2009-11-01', 4001),
(63371, '2009-11-02', 10400),
(83346, '2009-11-02', 2069),
(137473, '2009-11-02', 5883),
(124870, '2009-11-02', 5870),
(158740, '2009-11-02', 3402),
(308423, '2009-11-02', 4541),
(129904, '2009-11-02', 3609),
(37268, '2009-11-02', 3595),
(108767, '2009-11-02', 4146),
(53701, '2009-11-02', 7787),
(55748, '2009-11-01', 1829),
(55748, '2009-11-02', 2358),
(124834, '2009-11-02', 7585),
(109537, '2009-11-01', 827),
(109537, '2009-11-02', 2612),
(412153, '2009-11-01', 5065),
(412153, '2009-11-02', 8864),
(234761, '2009-11-01', 3288),
(234761, '2009-11-02', 4480),
(417710, '2009-11-01', 1685),
(92406, '2009-11-01', 586),
(49424, '2009-11-01', 1106),
(206804, '2009-11-01', 0),
(206804, '2009-11-02', 9106),
(150810, '2009-11-01', 1983),
(92269, '2009-11-01', 0),
(92269, '2009-11-02', 4000),
(37808, '2009-11-01', 5684),
(42672, '2009-11-01', 1686),
(411847, '2009-11-01', 4488),
(53399, '2009-11-01', 2903),
(155933, '2009-11-01', 3031),
(4980, '2009-11-01', 5046),
(158740, '2009-11-01', 1077),
(37268, '2009-11-01', 2612),
(208276, '2009-11-01', 1725),
(149335, '2009-11-01', 1675),
(208476, '2009-11-01', 1739),
(139411, '2009-11-01', 1107),
(25663, '2009-11-01', 2747),
(125630, '2009-11-01', 3372),
(22776, '2009-11-01', 5039),
(164849, '2009-11-01', 4001),
(104672, '2009-11-01', 0),
(104672, '2009-11-02', 0),
(15468, '2009-11-01', 540),
(40031, '2009-11-01', 6504),
(151933, '2009-11-01', 3433),
(16636, '2009-11-01', 0),
(16636, '2009-11-02', 156),
(50110, '2009-11-01', 0),
(50110, '2009-11-02', 0),
(214445, '2009-11-01', 3668),
(93168, '2009-11-01', 2007),
(109356, '2009-11-01', 1419),
(58921, '2009-11-01', 0),
(58921, '2009-11-02', 1451),
(38051, '2009-11-01', 2393),
(124870, '2009-11-01', 3115),
(18687, '2009-11-01', 3056),
(255856, '2009-11-01', 2108),
(67892, '2009-11-01', 1780),
(124665, '2009-11-01', 1703),
(229581, '2009-11-01', 4521),
(102169, '2009-11-01', 1672),
(107108, '2009-11-01', 3026),
(171355, '2009-11-01', 5211),
(6483, '2009-11-01', 6024),
(124220, '2009-11-01', 4560),
(209983, '2009-11-01', 0),
(209983, '2009-11-02', 7664),
(39251, '2009-11-01', 0),
(39251, '2009-11-02', 4521),
(30280, '2009-11-01', 5626),
(101563, '2009-11-01', 10020),
(114565, '2009-11-01', 5014),
(23048, '2009-11-01', 7820),
(11608, '2009-11-01', 2162),
(74340, '2009-11-01', 0),
(74340, '2009-11-02', 0),
(137473, '2009-11-01', 3334),
(221692, '2009-11-01', 5328),
(224778, '2009-11-01', 3325),
(17210, '2009-11-01', 1759),
(128073, '2009-11-01', 1930),
(306694, '2009-11-01', 0),
(306694, '2009-11-02', 5621),
(147240, '2009-11-01', 2111),
(45902, '2009-11-01', 2004),
(126511, '2009-11-01', 3829),
(108767, '2009-11-01', 1750),
(149620, '2009-11-01', 1990),
(86578, '2009-11-01', 0),
(86578, '2009-11-02', 349),
(131910, '2009-11-01', 4162),
(75980, '2009-11-01', 1703),
(80683, '2009-11-01', 8697),
(400844, '2009-11-01', 2000),
(222000, '2009-11-01', 6344),
(80172, '2009-11-01', 2200),
(104725, '2009-11-01', 3252),
(222067, '2009-11-01', 6344),
(201957, '2009-11-01', 0),
(201957, '2009-11-02', 2594),
(85501, '2009-11-01', 0),
(85501, '2009-11-02', 1872),
(148159, '2009-11-01', 3450),
(228755, '2009-11-01', 560),
(74917, '2009-11-01', 3014),
(97778, '2009-11-01', 1724),
(19302, '2009-11-01', 2590),
(75435, '2009-11-01', 4057),
(212003, '2009-11-01', 3372),
(14953, '2009-11-01', 2001),
(209495, '2009-11-01', 6323),
(44978, '2009-11-01', 2133),
(13417, '2009-11-01', 1730),
(89682, '2009-11-01', 5159),
(74329, '2009-11-01', 2116),
(90083, '2009-11-01', 3437),
(76818, '2009-11-01', 1868),
(88969, '2009-11-01', 2056),
(4463, '2009-11-01', 3004),
(48991, '2009-11-01', 5133),
(48991, '2009-11-02', 7217),
(5700, '2009-11-02', 10691),
(50021, '2009-11-01', 2358),
(17135, '2009-11-01', 3166),
(415134, '2009-11-01', 0),
(415134, '2009-11-02', 6027),
(200923, '2009-11-01', 3632),
(200923, '2009-11-02', 6290),
(204267, '2009-11-01', 0),
(204267, '2009-11-02', 4209),
(105319, '2009-11-01', 2360),
(4355, '2009-11-01', 1679),
(41787, '2009-11-01', 5033),
(20554, '2009-11-01', 4569),
(263199, '2009-11-01', 5435),
(408295, '2009-11-01', 2019),
(244189, '2009-11-01', 2000),
(23634, '2009-11-01', 2111),
(63981, '2009-11-01', 3337),
(134706, '2009-11-01', 2099),
(86838, '2009-11-01', 1851),
(90505, '2009-11-01', 5001),
(76326, '2009-11-01', 444),
(119999, '2009-11-01', 0),
(119999, '2009-11-02', 2500),
(6735, '2009-11-01', 2122),
(55455, '2009-11-01', 937),
(124834, '2009-11-01', 5028),
(10476, '2009-11-01', 1720),
(200626, '2009-11-01', 7410),
(200626, '2009-11-02', 11640),
(158772, '2009-11-01', 1000),
(80125, '2009-11-01', 4519),
(1235, '2009-11-01', 3683),
(200903, '2009-11-01', 1667),
(206259, '2009-11-01', 6505),
(46704, '2009-11-01', 5038),
(3591, '2009-11-01', 6074),
(98028, '2009-11-01', 2523),
(203018, '2009-11-01', 5102),
(61004, '2009-11-01', 6180),
(131465, '2009-11-01', 1752),
(243785, '2009-11-01', 3000),
(428162, '2009-11-01', 3464),
(39108, '2009-11-02', 0),
(95933, '2009-11-01', 1667),
(441206, '2009-11-01', 1558),
(105022, '2009-11-01', 3204),
(145148, '2009-11-01', 4256),
(97647, '2009-11-01', 4500),
(95107, '2009-11-01', 4431),
(57885, '2009-11-01', 1423),
(507504, '2009-11-01', 1680),
(22836, '2009-11-01', 2168),
(401376, '2009-11-01', 5940),
(78110, '2009-11-01', 3399),
(23329, '2009-11-01', 4551),
(45801, '2009-11-01', 748),
(115108, '2009-11-01', 1818),
(40568, '2009-11-01', 15363),
(209560, '2009-11-01', 2200),
(209560, '2009-11-02', 2783),
(95355, '2009-11-01', 2556),
(210421, '2009-11-01', 2686),
(94992, '2009-11-01', 5374),
(57429, '2009-11-01', 1891),
(99825, '2009-11-01', 3319),
(94676, '2009-11-01', 4588),
(169398, '2009-11-01', 2195),
(88034, '2009-11-01', 2367),
(156324, '2009-11-01', 118),
(98289, '2009-11-01', 1008),
(403294, '2009-11-01', 2895),
(131053, '2009-11-01', 5068),
(211086, '2009-11-01', 0),
(211086, '2009-11-02', 672),
(221596, '2009-11-01', 3713),
(433230, '2009-11-01', 1743),
(39523, '2009-11-01', 2129),
(9203, '2009-11-01', 1898),
(184181, '2009-11-01', 1757),
(400353, '2009-11-01', 3400),
(414317, '2009-11-01', 583),
(49, '2009-11-01', 4854),
(77961, '2009-11-01', 0),
(77961, '2009-11-02', 1204),
(12411, '2009-11-01', 3737),
(12411, '2009-11-02', 5461),
(141675, '2009-11-01', 3758),
(308423, '2009-11-01', 4070),
(47044, '2009-11-01', 2005),
(65220, '2009-11-01', 2224),
(6815, '2009-11-01', 2584),
(153331, '2009-11-01', 0),
(153331, '2009-11-02', 2106),
(105178, '2009-11-01', 0),
(105178, '2009-11-02', 505),
(109896, '2009-11-01', 4129),
(109896, '2009-11-02', 5602),
(61767, '2009-11-01', 150),
(61767, '2009-11-02', 1484),
(16391, '2009-11-01', 2009),
(1266, '2009-11-01', 5113),
(136621, '2009-11-01', 1721),
(212929, '2009-11-01', 0),
(212929, '2009-11-02', 472),
(92956, '2009-11-01', 1254),
(92038, '2009-11-01', 2103),
(42498, '2009-11-01', 656),
(82578, '2009-11-01', 4042),
(40780, '2009-11-01', 1117),
(484, '2009-11-01', 3976),
(48647, '2009-11-01', 0),
(48647, '2009-11-02', 3000),
(11417, '2009-11-01', 2811),
(63261, '2009-11-01', 1676),
(204232, '2009-11-01', 5492),
(1257, '2009-11-01', 0),
(1257, '2009-11-02', 1419),
(208924, '2009-11-01', 1949),
(245382, '2009-11-01', 2004),
(128992, '2009-11-01', 2058),
(175, '2009-11-01', 2569),
(23534, '2009-11-01', 4311),
(27181, '2009-11-01', 3657),
(94125, '2009-11-01', 1864),
(72887, '2009-11-01', 0),
(72887, '2009-11-02', 1852),
(30548, '2009-11-01', 6078),
(64284, '2009-11-01', 808),
(211474, '2009-11-01', 2637),
(56583, '2009-11-01', 2500),
(124537, '2009-11-01', 1746),
(38956, '2009-11-01', 3224),
(113324, '2009-11-01', 2539),
(42687, '2009-11-01', 6283),
(228889, '2009-11-01', 3125),
(156692, '2009-11-01', 2106),
(104344, '2009-11-01', 1684),
(20937, '2009-11-03', 13003),
(15355, '2009-11-01', 0),
(15355, '2009-11-02', 1126),
(140887, '2009-11-01', 0),
(140887, '2009-11-02', 1258),
(106286, '2009-11-01', 8507),
(78345, '2009-11-01', 3560),
(46887, '2009-11-01', 2024),
(140274, '2009-11-01', 1600),
(18830, '2009-11-01', 2542),
(301, '2009-11-01', 759),
(73612, '2009-11-01', 3505),
(25245, '2009-11-01', 6282),
(97049, '2009-11-01', 6689),
(61805, '2009-11-01', 3509),
(139161, '2009-11-01', 2013),
(83964, '2009-11-01', 1691),
(5700, '2009-11-01', 5058),
(53701, '2009-11-01', 5234),
(29246, '2009-11-01', 2608),
(146748, '2009-11-01', 1916),
(124560, '2009-11-02', 0),
(89795, '2009-11-01', 1739),
(129904, '2009-11-01', 2798),
(42720, '2009-11-01', 3514),
(43429, '2009-11-01', 3014),
(24904, '2009-11-03', 5112),
(67892, '2009-11-03', 6054),
(43708, '2009-11-03', 2707),
(308371, '2009-11-03', 3556),
(135452, '2009-11-03', 5003),
(200903, '2009-11-03', 3338),
(50021, '2009-11-03', 4662),
(428162, '2009-11-03', 4837),
(95933, '2009-11-03', 6597),
(5709, '2009-11-03', 27),
(30280, '2009-11-03', 9595),
(46585, '2009-11-03', 12446),
(204856, '2009-11-03', 9667),
(56583, '2009-11-03', 4500),
(45902, '2009-11-03', 10068),
(127513, '2009-11-03', 7063),
(400844, '2009-11-03', 3883),
(403294, '2009-11-03', 4233),
(147240, '2009-11-03', 3823),
(109356, '2009-11-03', 6022),
(79156, '2009-11-03', 5561),
(27181, '2009-11-03', 4999),
(23329, '2009-11-03', 8031),
(74917, '2009-11-03', 5000),
(505152, '2009-11-03', 1670),
(72719, '2009-11-03', 8050),
(164849, '2009-11-03', 9221),
(80125, '2009-11-03', 7253),
(88969, '2009-11-03', 3700),
(25270, '2009-11-03', 5001),
(14953, '2009-11-03', 2001),
(124220, '2009-11-03', 5324),
(6761, '2009-11-03', 3414),
(92269, '2009-11-03', 5400),
(115108, '2009-11-03', 3581),
(49424, '2009-11-03', 3781),
(104344, '2009-11-03', 2070),
(200850, '2009-11-03', 2002),
(244189, '2009-11-03', 0),
(26746, '2009-11-03', 10351),
(27775, '2009-11-03', 998),
(57429, '2009-11-03', 3932),
(43724, '2009-11-03', 2500),
(229681, '2009-11-03', 4026),
(89682, '2009-11-03', 7682),
(76818, '2009-11-03', 4077),
(73061, '2009-11-03', 2538),
(4355, '2009-11-03', 3382),
(15355, '2009-11-03', 1126),
(42672, '2009-11-03', 5034),
(82578, '2009-11-03', 5000),
(175, '2009-11-03', 4039),
(502359, '2009-11-03', 1315),
(124870, '2009-11-03', 6240),
(108707, '2009-11-03', 3447),
(47268, '2009-11-03', 8694),
(255856, '2009-11-03', 4608),
(118134, '2009-11-03', 3477),
(63287, '2009-11-03', 3369),
(125630, '2009-11-03', 4867),
(2151, '2009-11-03', 2320),
(75980, '2009-11-03', 3108),
(243785, '2009-11-03', 4200),
(129029, '2009-11-03', 4023),
(206804, '2009-11-03', 10019),
(210210, '2009-11-03', 20164),
(40780, '2009-11-03', 2384),
(217776, '2009-11-03', 25298),
(22776, '2009-11-03', 8365),
(124631, '2009-11-03', 18256),
(26249, '2009-11-03', 5239),
(23534, '2009-11-03', 6674),
(78897, '2009-11-03', 4250),
(76449, '2009-11-03', 6935),
(104778, '2009-11-03', 3452),
(212522, '2009-11-03', 4156),
(85501, '2009-11-03', 1872),
(53317, '2009-11-03', 3875),
(131422, '2009-11-03', 7006),
(87018, '2009-11-03', 7100),
(27518, '2009-11-03', 10010),
(301, '2009-11-03', 2018),
(72887, '2009-11-03', 1852),
(41787, '2009-11-03', 8683),
(95107, '2009-11-03', 5002),
(224778, '2009-11-03', 8053),
(211036, '2009-11-03', 4633),
(502313, '2009-11-03', 20632),
(150810, '2009-11-03', 3674),
(120557, '2009-11-03', 775),
(1020, '2009-11-03', 1452),
(208476, '2009-11-03', 5225),
(156324, '2009-11-03', 118),
(105478, '2009-11-03', 6036),
(433230, '2009-11-03', 4757),
(104672, '2009-11-03', 0),
(10476, '2009-11-03', 3333),
(41046, '2009-11-03', 3810),
(129803, '2009-11-03', 648),
(164322, '2009-11-03', 12047),
(12411, '2009-11-03', 6026),
(200626, '2009-11-03', 11640),
(186190, '2009-11-03', 6959),
(92038, '2009-11-03', 2430),
(21681, '2009-11-03', 23944),
(145148, '2009-11-03', 5496),
(769, '2009-11-03', 1710),
(67267, '2009-11-03', 9204),
(148159, '2009-11-03', 8736),
(31617, '2009-11-03', 1488),
(134706, '2009-11-03', 5019),
(39523, '2009-11-03', 3541),
(222000, '2009-11-03', 12500),
(1235, '2009-11-03', 4463),
(209983, '2009-11-03', 9266),
(77961, '2009-11-03', 1466),
(97935, '2009-11-03', 666),
(16509, '2009-11-03', 8312),
(124421, '2009-11-03', 388),
(228755, '2009-11-03', 1062),
(257473, '2009-11-03', 6588),
(97364, '2009-11-03', 3460),
(39251, '2009-11-03', 4521),
(98028, '2009-11-03', 4350),
(415134, '2009-11-03', 6027),
(42720, '2009-11-03', 7071),
(86977, '2009-11-03', 3578),
(92537, '2009-11-03', 3002),
(484, '2009-11-03', 4870),
(57885, '2009-11-03', 3773),
(38662, '2009-11-03', 2955),
(245382, '2009-11-03', 2653),
(73612, '2009-11-03', 4421),
(128073, '2009-11-03', 3256),
(41034, '2009-11-03', 15617),
(39990, '2009-11-03', 2376),
(43181, '2009-11-03', 2878),
(201957, '2009-11-03', 3532),
(156853, '2009-11-03', 9541),
(303219, '2009-11-03', 23168),
(85248, '2009-11-03', 3340),
(5700, '2009-11-03', 10691),
(417710, '2009-11-03', 7788),
(158772, '2009-11-03', 5238),
(200923, '2009-11-03', 7404),
(15468, '2009-11-03', 3187),
(40527, '2009-11-03', 5166),
(221596, '2009-11-03', 5554),
(667, '2009-11-03', 5564),
(99825, '2009-11-03', 3993),
(44978, '2009-11-03', 3492),
(47639, '2009-11-03', 314),
(13940, '2009-11-02', 0),
(13940, '2009-11-03', 425),
(437496, '2009-11-03', 393),
(209372, '2009-11-03', 9564),
(26985, '2009-11-03', 4128),
(45801, '2009-11-03', 2021),
(109896, '2009-11-03', 5800),
(151933, '2009-11-03', 5349),
(18694, '2009-11-03', 6037),
(9203, '2009-11-03', 3628),
(130473, '2009-11-03', 12874),
(202239, '2009-11-03', 8000),
(228889, '2009-11-03', 4534),
(94450, '2009-11-03', 2233),
(11417, '2009-11-03', 6163),
(184181, '2009-11-03', 2780),
(38956, '2009-11-03', 4002),
(77746, '2009-11-03', 8964),
(13417, '2009-11-03', 3417),
(401376, '2009-11-03', 13002),
(405495, '2009-11-02', 0),
(405495, '2009-11-03', 2363),
(31764, '2009-11-03', 484),
(83964, '2009-11-03', 3400),
(1257, '2009-11-03', 1419),
(16636, '2009-11-03', 156),
(61767, '2009-11-03', 1702),
(124665, '2009-11-03', 5131),
(108049, '2009-11-03', 1832),
(212456, '2009-11-03', 1713),
(97049, '2009-11-03', 10111),
(3613, '2009-11-03', 6367),
(48647, '2009-11-03', 3000),
(141675, '2009-11-03', 5219),
(101563, '2009-11-03', 16167),
(9, '2009-11-03', 6759),
(17135, '2009-11-03', 7049),
(123670, '2009-11-03', 11034),
(94992, '2009-11-03', 8712),
(88034, '2009-11-03', 2740),
(42687, '2009-11-03', 10504),
(209560, '2009-11-03', 3363),
(63715, '2009-11-03', 6078),
(30548, '2009-11-03', 9636),
(162559, '2009-11-03', 5068),
(156692, '2009-11-03', 3350),
(105319, '2009-11-03', 4003),
(127093, '2009-11-03', 2606),
(78345, '2009-11-03', 4307),
(50110, '2009-11-03', 0),
(3151, '2009-11-03', 5209),
(97647, '2009-11-03', 6379),
(212929, '2009-11-03', 472),
(301752, '2009-11-03', 5270),
(211086, '2009-11-03', 1185),
(214445, '2009-11-03', 7000),
(93168, '2009-11-03', 5499),
(403803, '2009-11-03', 2467),
(30837, '2009-11-03', 4528),
(215774, '2009-11-03', 2460),
(209495, '2009-11-03', 8511),
(64284, '2009-11-03', 3823),
(95355, '2009-11-03', 4021),
(92956, '2009-11-03', 2548),
(140274, '2009-11-03', 2317),
(86405, '2009-11-03', 5000),
(17375, '2009-11-03', 4577),
(24675, '2009-11-03', 2681),
(135895, '2009-11-03', 5053),
(91192, '2009-11-03', 2404),
(88121, '2009-11-03', 5058),
(86838, '2009-11-03', 4189),
(227107, '2009-11-03', 1847),
(39854, '2009-11-03', 6015),
(212003, '2009-11-03', 6354),
(139048, '2009-11-03', 20016),
(39632, '2009-11-03', 3519),
(213816, '2009-11-02', 0),
(213816, '2009-11-03', 738),
(107178, '2009-11-03', 9816),
(47044, '2009-11-03', 5290),
(76326, '2009-11-03', 3212),
(92406, '2009-11-03', 1983),
(229581, '2009-11-03', 8211),
(55455, '2009-11-03', 1200),
(58921, '2009-11-03', 2701),
(1148, '2009-11-03', 1879),
(153331, '2009-11-03', 2106),
(71535, '2009-11-03', 6120),
(46204, '2009-11-03', 1684),
(411847, '2009-11-03', 9138),
(400353, '2009-11-03', 4902),
(312164, '2009-11-03', 3476),
(38051, '2009-11-03', 7822),
(124537, '2009-11-03', 1755),
(99101, '2009-11-03', 9111),
(139161, '2009-11-03', 3503),
(94676, '2009-11-03', 8433),
(60020, '2009-11-03', 7225),
(26378, '2009-11-03', 13922),
(90505, '2009-11-03', 8351),
(19258, '2009-11-03', 3748),
(98289, '2009-11-03', 6349),
(53399, '2009-11-03', 11015),
(441206, '2009-11-03', 4049),
(131910, '2009-11-03', 6656),
(25091, '2009-11-03', 2396),
(28528, '2009-11-03', 6078),
(80683, '2009-11-03', 10910),
(63261, '2009-11-03', 3173),
(129832, '2009-11-03', 8827),
(23048, '2009-11-03', 16562),
(105022, '2009-11-03', 4574),
(18027, '2009-11-03', 4005),
(155933, '2009-11-03', 7050),
(105306, '2009-11-03', 378),
(210421, '2009-11-03', 4850),
(42, '2009-11-03', 7027),
(23634, '2009-11-03', 10949),
(39108, '2009-11-03', 0),
(206259, '2009-11-03', 7579),
(74329, '2009-11-03', 5195),
(102169, '2009-11-03', 3685),
(263199, '2009-11-03', 7477),
(4463, '2009-11-03', 3364),
(48748, '2009-11-03', 8700),
(169398, '2009-11-03', 4275),
(203018, '2009-11-03', 7319),
(40568, '2009-11-03', 21880),
(45043, '2009-11-03', 6789),
(140283, '2009-11-03', 6699),
(507504, '2009-11-03', 3349),
(208924, '2009-11-03', 3713),
(184608, '2009-11-03', 13407),
(404357, '2009-11-03', 129),
(36670, '2009-11-03', 7252),
(146748, '2009-11-03', 4382),
(4980, '2009-11-03', 10524),
(125125, '2009-11-03', 3125),
(72691, '2009-11-03', 650),
(65220, '2009-11-03', 5409),
(309, '2009-11-03', 4044),
(78110, '2009-11-03', 5536),
(19302, '2009-11-03', 6068),
(82081, '2009-11-03', 2532),
(204232, '2009-11-03', 6866),
(6815, '2009-11-03', 5066),
(49, '2009-11-03', 7120),
(106286, '2009-11-03', 9226),
(63371, '2009-11-03', 14043),
(83346, '2009-11-03', 2069),
(137473, '2009-11-03', 5883),
(308423, '2009-11-03', 4541),
(129904, '2009-11-03', 3609),
(37268, '2009-11-03', 4243),
(108767, '2009-11-03', 5939),
(53701, '2009-11-03', 10479),
(55748, '2009-11-03', 4361),
(124834, '2009-11-03', 7585),
(109537, '2009-11-03', 5101),
(412153, '2009-11-03', 15037),
(201359, '2009-11-03', 76),
(18687, '2009-11-03', 4587),
(421902, '2009-11-03', 1799),
(25663, '2009-11-03', 3736),
(24484, '2009-11-03', 5773),
(15855, '2009-11-03', 500),
(6483, '2009-11-03', 11015),
(29246, '2009-11-03', 3365),
(436450, '2009-11-01', 1870),
(436450, '2009-11-03', 5046),
(204267, '2009-11-03', 6331),
(29115, '2009-11-03', 3607),
(43429, '2009-11-03', 5136),
(14917, '2009-11-03', 8253),
(17210, '2009-11-03', 3465),
(408295, '2009-11-03', 11170),
(131152, '2009-11-03', 5332),
(124522, '2009-11-02', 0),
(124522, '2009-11-03', 4420),
(124560, '2009-11-03', 2528),
(89795, '2009-11-03', 4004),
(97317, '2009-11-03', 1842),
(1266, '2009-11-03', 7417),
(139411, '2009-11-03', 4003),
(126023, '2009-11-03', 34163),
(34147, '2009-11-03', 26011),
(453027, '2009-11-03', 20133),
(24472, '2009-11-03', 6027),
(97778, '2009-11-03', 4476),
(133936, '2009-11-03', 30118),
(40031, '2009-11-03', 10306),
(201680, '2009-11-03', 1632),
(306694, '2009-11-03', 5621),
(86578, '2009-11-03', 349),
(131465, '2009-11-03', 3472),
(39455, '2009-11-03', 414),
(77715, '2009-11-03', 2303),
(104725, '2009-11-03', 3714),
(70112, '2009-11-03', 3476),
(42498, '2009-11-03', 840),
(36257, '2009-11-03', 6816),
(114565, '2009-11-03', 9075),
(20215, '2009-11-03', 11),
(72228, '2009-11-03', 2213),
(80172, '2009-11-03', 6200),
(83999, '2009-11-03', 4064),
(16391, '2009-11-03', 4025),
(140887, '2009-11-03', 1258),
(222067, '2009-11-03', 12517),
(46887, '2009-11-03', 3460),
(107108, '2009-11-03', 5592),
(149620, '2009-11-03', 3753),
(22836, '2009-11-03', 3026),
(137677, '2009-11-03', 2462),
(414317, '2009-11-03', 2314),
(653, '2009-11-03', 1825),
(158740, '2009-11-03', 3402),
(61805, '2009-11-03', 4547),
(211474, '2009-11-03', 4245),
(11608, '2009-11-03', 5209),
(221692, '2009-11-03', 7334),
(234761, '2009-11-03', 7442),
(25245, '2009-11-03', 8549),
(95341, '2009-11-03', 1064),
(75435, '2009-11-03', 5131),
(18830, '2009-11-03', 3481),
(128, '2009-11-03', 4831),
(303704, '2009-11-03', 1737),
(37808, '2009-11-03', 10817),
(61004, '2009-11-03', 6363),
(90083, '2009-11-03', 6968),
(131053, '2009-11-03', 6255),
(105178, '2009-11-03', 505),
(6735, '2009-11-03', 4086),
(113324, '2009-11-03', 3521),
(128926, '2009-11-03', 3000),
(20554, '2009-11-03', 5792),
(74340, '2009-11-03', 0),
(54142, '2009-11-03', 1480),
(3591, '2009-11-03', 7964),
(1396, '2009-11-03', 5374),
(208276, '2009-11-03', 4645),
(48991, '2009-11-03', 7488),
(97106, '2009-11-03', 1050),
(410564, '2009-11-03', 17415),
(119999, '2009-11-03', 3380),
(63981, '2009-11-03', 4995),
(169923, '2009-11-03', 2555),
(94125, '2009-11-03', 4057),
(136621, '2009-11-03', 3369),
(124300, '2009-11-03', 11048),
(149335, '2009-11-03', 5021),
(46704, '2009-11-03', 7059),
(126511, '2009-11-03', 6193),
(171355, '2009-11-03', 15191),
(128992, '2009-11-03', 3579),
(201596, '2009-11-01', 10019),
(201596, '2009-11-03', 20008),
(221851, '2009-11-01', 4574),
(221851, '2009-11-03', 8701),
(29018, '2009-11-02', 0),
(29018, '2009-11-03', 2581),
(214037, '2009-11-02', 0),
(214037, '2009-11-03', 6276),
(50595, '2009-11-02', 0),
(50595, '2009-11-03', 4216),
(38277, '2009-11-02', 0),
(38277, '2009-11-03', 6000),
(139880, '2009-11-02', 0),
(139880, '2009-11-03', 151),
(201596, '2009-11-02', 17119),
(34626, '2009-11-01', 5162),
(34626, '2009-11-03', 6586),
(77193, '2009-11-02', 0),
(77193, '2009-11-03', 1401),
(4114, '2009-11-02', 0),
(4114, '2009-11-03', 457),
(34626, '2009-11-02', 6082);

-- --------------------------------------------------------

--
-- Table structure for table `ml_wc_teams`
--

CREATE TABLE IF NOT EXISTS `ml_wc_teams` (
  `id` tinyint(3) unsigned NOT NULL auto_increment,
  `name` varchar(255) NOT NULL,
  PRIMARY KEY  (`id`)
) ENGINE=MyISAM  DEFAULT CHARSET=utf8 AUTO_INCREMENT=3 ;

--
-- Dumping data for table `ml_wc_teams`
--

INSERT INTO `ml_wc_teams` (`id`, `name`) VALUES
(1, 'MLs'),
(2, 'Staff');

